{"fill_mode": "BOTH", "resolution_u": 12, "splines": [{"handle_left": [[-0.009657, 0.0, 0.0], [0.019314, 0.0, 0.0], [0.029079, 0.003087, 0.0], [0.031539, 0.00734, 0.0], [0.035529, 0.009142, 0.0], [0.037423, 0.01572, 0.0], [0.041956, 0.020982, 0.0], [0.056354, 0.029578, 0.0], [0.059267, 0.042245, 0.0], [0.051041, 0.061998, 0.0], [0.040041, 0.065678, 0.0], [0.039503, 0.066671, 0.0], [0.039235, 0.0672, 0.0], [0.034656, 0.067464, 0.0], [0.032366, 0.067896, 0.0], [0.031424, 0.068113, 0.0], [0.028928, 0.070224, 0.0], [0.024908, 0.071531, 0.0], [0.023248, 0.080631, 0.0], [0.024945, 0.089, 0.0], [0.026749, 0.090789, 0.0], [0.027257, 0.09106, 0.0], [0.027511, 0.0933, 0.0], [0.037824, 0.108576, 0.0], [0.027511, 0.114552, 0.0], [0.024522, 0.116098, 0.0], [0.010561, 0.120175, 0.0], [0.001399, 0.121778, 0.0], [-0.002797, 0.121778, 0.0], [-0.016838, 0.118282, 0.0], [-0.026017, 0.116098, 0.0], [-0.027511, 0.113005, 0.0], [-0.037824, 0.097302, 0.0], [-0.027511, 0.09218, 0.0], [-0.027003, 0.09106, 0.0], [-0.026749, 0.090519, 0.0], [-0.023998, 0.087359, 0.0], [-0.023248, 0.076081, 0.0], [-0.026569, 0.071531, 0.0], [-0.029835, 0.069085, 0.0], [-0.031895, 0.068113, 0.0], [-0.032366, 0.06768, 0.0], [-0.036945, 0.067464, 0.0], [-0.039235, 0.066935, 0.0], [-0.039772, 0.066671, 0.0], [-0.040041, 0.064685, 0.0], [-0.05745, 0.055661, 0.0], [-0.059267, 0.03981, 0.0], [-0.048535, 0.025797, 0.0], [-0.041956, 0.020597, 0.0], [-0.037812, 0.012003, 0.0], [-0.034246, 0.008812, 0.0], [-0.030567, 0.006338, 0.0], [-0.02883, 0.001575, 0.0]], "handle_right": [[0.009657, 0.0, 0.0], [0.02883, 0.001575, 0.0], [0.030567, 0.006338, 0.0], [0.034246, 0.008812, 0.0], [0.037812, 0.012003, 0.0], [0.041956, 0.020597, 0.0], [0.048535, 0.025797, 0.0], [0.059267, 0.03981, 0.0], [0.05745, 0.055661, 0.0], [0.040041, 0.064685, 0.0], [0.039772, 0.066671, 0.0], [0.039235, 0.066935, 0.0], [0.036945, 0.067464, 0.0], [0.032366, 0.06768, 0.0], [0.031895, 0.068113, 0.0], [0.029835, 0.069085, 0.0], [0.026569, 0.071531, 0.0], [0.023248, 0.076081, 0.0], [0.023998, 0.087359, 0.0], [0.026749, 0.090519, 0.0], [0.027003, 0.09106, 0.0], [0.027511, 0.09218, 0.0], [0.037824, 0.097302, 0.0], [0.027511, 0.113005, 0.0], [0.026017, 0.116098, 0.0], [0.016838, 0.118282, 0.0], [0.002797, 0.121778, 0.0], [-0.001399, 0.121778, 0.0], [-0.010561, 0.120175, 0.0], [-0.024522, 0.116098, 0.0], [-0.027511, 0.114552, 0.0], [-0.037824, 0.108576, 0.0], [-0.027511, 0.0933, 0.0], [-0.027257, 0.09106, 0.0], [-0.026749, 0.090789, 0.0], [-0.024945, 0.089, 0.0], [-0.023248, 0.080631, 0.0], [-0.024908, 0.071531, 0.0], [-0.028928, 0.070224, 0.0], [-0.031424, 0.068113, 0.0], [-0.032366, 0.067896, 0.0], [-0.034656, 0.067464, 0.0], [-0.039235, 0.0672, 0.0], [-0.039503, 0.066671, 0.0], [-0.040041, 0.065678, 0.0], [-0.051041, 0.061998, 0.0], [-0.059267, 0.042245, 0.0], [-0.056354, 0.029578, 0.0], [-0.041956, 0.020982, 0.0], [-0.037423, 0.01572, 0.0], [-0.035529, 0.009142, 0.0], [-0.031539, 0.00734, 0.0], [-0.029079, 0.003087, 0.0], [-0.019314, 0.0, 0.0]], "points": [[0.0, 0.0, 0.0], [0.028971, 0.0, 0.0], [0.029718, 0.004534, 0.0], [0.033334, 0.008316, 0.0], [0.037782, 0.009142, 0.0], [0.041956, 0.020213, 0.0], [0.041956, 0.021366, 0.0], [0.059267, 0.037374, 0.0], [0.059267, 0.044681, 0.0], [0.040041, 0.063692, 0.0], [0.040041, 0.066671, 0.0], [0.039235, 0.066671, 0.0], [0.039235, 0.067464, 0.0], [0.032366, 0.067464, 0.0], [0.032366, 0.068113, 0.0], [0.030953, 0.068113, 0.0], [0.02823, 0.071531, 0.0], [0.023248, 0.071531, 0.0], [0.023248, 0.085181, 0.0], [0.026749, 0.090249, 0.0], [0.026749, 0.09106, 0.0], [0.027511, 0.09106, 0.0], [0.027511, 0.09442, 0.0], [0.027511, 0.111458, 0.0], [0.027511, 0.116098, 0.0], [0.023027, 0.116098, 0.0], [0.004196, 0.121778, 0.0], [0.0, 0.121778, 0.0], [-0.004196, 0.121778, 0.0], [-0.023027, 0.116098, 0.0], [-0.027511, 0.116098, 0.0], [-0.027511, 0.111458, 0.0], [-0.027511, 0.09442, 0.0], [-0.027511, 0.09106, 0.0], [-0.026749, 0.09106, 0.0], [-0.026749, 0.090249, 0.0], [-0.023248, 0.085181, 0.0], [-0.023248, 0.071531, 0.0], [-0.02823, 0.071531, 0.0], [-0.030953, 0.068113, 0.0], [-0.032366, 0.068113, 0.0], [-0.032366, 0.067464, 0.0], [-0.039235, 0.067464, 0.0], [-0.039235, 0.066671, 0.0], [-0.040041, 0.066671, 0.0], [-0.040041, 0.063692, 0.0], [-0.059267, 0.044681, 0.0], [-0.059267, 0.037374, 0.0], [-0.041956, 0.021366, 0.0], [-0.041956, 0.020213, 0.0], [-0.037782, 0.009142, 0.0], [-0.033334, 0.008316, 0.0], [-0.029718, 0.004534, 0.0], [-0.028971, 0.0, 0.0]], "type": "BEZIER", "use_cyclic_u": true}], "x": 0.118535, "y": 0.121778}